City_ID,City,Country,Lat,Lng,Max Temp,Humidity,Cloudiness,Wind Speed,Current Description
0,Lasa,IT,46.6166,10.7002,19.69,74,46,0.96,scattered clouds
1,San Rafael,AR,-34.6177,-68.3301,68.92,30,0,6.11,clear sky
2,Bluff,NZ,-46.6,168.3333,56.03,76,93,16.11,overcast clouds
3,Ponta Do Sol,PT,32.6667,-17.1,59.7,83,92,6.38,overcast clouds
4,Ancud,CL,-41.8697,-73.8203,56.16,88,100,12.84,light rain
5,Ushuaia,AR,-54.8,-68.3,40.78,96,100,7.49,light rain
6,Sisimiut,GL,66.9395,-53.6735,-3.75,90,100,3.49,overcast clouds
7,Jakar,BT,27.5492,90.7525,48.6,49,1,2.24,clear sky
8,Kapaa,US,22.0752,-159.319,80.58,79,75,10.36,moderate rain
9,Hervey Bay,AU,-25.2986,152.8535,86.04,71,66,11.99,broken clouds
10,Bagotville,AU,-28.9833,153.4167,71.78,99,73,11.48,broken clouds
11,Ayagoz,KZ,47.9714,80.4392,6.24,77,38,3.74,scattered clouds
12,Sao Filipe,CV,14.8961,-24.4956,69.44,67,0,18.54,clear sky
13,Vestmanna,FO,62.1564,-7.1664,36.95,74,52,39.46,broken clouds
14,Port Elizabeth,ZA,-33.918,25.5701,67.1,100,100,5.75,overcast clouds
15,Vaini,TO,-21.2,-175.2,79.7,79,100,10.74,light rain
16,Jamestown,US,42.097,-79.2353,33.12,46,100,6.91,overcast clouds
17,Tasiilaq,GL,65.6145,-37.6368,24.96,63,100,8.14,overcast clouds
18,Cidreira,BR,-30.1811,-50.2056,73.58,94,100,2.33,overcast clouds
19,Geraldton,AU,-28.7667,114.6,75.58,64,89,17.38,overcast clouds
20,Hobart,AU,-42.8794,147.3294,71.46,73,100,12.66,overcast clouds
21,Metro,ID,-5.1131,105.3067,82.24,74,100,4.92,overcast clouds
22,Padang,ID,-0.9492,100.3543,82.83,71,100,3.31,overcast clouds
23,Tavistock,GB,50.5494,-4.1442,39.6,96,95,6.87,overcast clouds
24,Faanui,PF,-16.4833,-151.75,82.04,73,22,15.66,few clouds
25,Upernavik,GL,72.7868,-56.1549,-7.08,74,13,6.87,few clouds
26,Hermanus,ZA,-34.4187,19.2345,65.71,91,0,5.64,clear sky
27,Albany,US,42.6001,-73.9662,10.44,91,45,1.66,scattered clouds
28,Mataura,NZ,-46.1927,168.8643,57.47,79,100,5.1,overcast clouds
29,Avera,US,33.194,-82.5271,49.17,49,2,5.03,clear sky
30,Puerto Ayora,EC,-0.7393,-90.3518,76.55,92,72,1.01,broken clouds
31,Rikitea,PF,-23.1203,-134.9692,79.36,67,88,0.87,overcast clouds
32,Saskylakh,RU,71.9167,114.0833,-23.31,99,99,4.36,overcast clouds
33,Port Alfred,ZA,-33.5906,26.891,71.53,91,85,10.58,overcast clouds
34,Beloha,MG,-25.1667,45.05,71.35,96,59,5.39,broken clouds
35,Tuktoyaktuk,CA,69.4541,-133.0374,-7.38,87,5,10.58,clear sky
36,Salalah,OM,17.0151,54.0924,70.57,62,0,1.9,clear sky
37,Turayf,SA,31.6725,38.6637,52.25,34,36,6.29,scattered clouds
38,Tazovskiy,RU,67.4667,78.7,17.83,96,100,3.62,overcast clouds
39,Honiara,SB,-9.4333,159.95,81.52,72,100,2.37,overcast clouds
40,Kokoda,PG,-8.8785,147.7407,83.91,75,100,1.92,overcast clouds
41,Mayor Pablo Lagerenza,PY,-19.9309,-60.7718,85.51,50,26,7.2,scattered clouds
42,Nazilli,TR,37.9163,28.3223,45.86,89,99,2.35,overcast clouds
43,Avarua,CK,-21.2078,-159.775,81.19,74,99,7.65,overcast clouds
44,Lyngseidet,NO,69.5763,20.2189,35.94,70,100,12.84,light rain
45,Antalaha,MG,-14.9003,50.2788,73.87,89,43,3.76,scattered clouds
46,Soni,TZ,-4.85,38.3667,61.54,84,69,1.95,broken clouds
47,Suntar,RU,62.1444,117.6319,5.59,92,98,1.79,overcast clouds
48,Kasongo-Lunda,CD,-6.4667,16.8167,69.21,98,93,0.74,light rain
49,Okha,RU,53.5739,142.9478,3.56,73,88,11.39,overcast clouds
50,Butaritari,KI,3.0707,172.7902,82.22,74,47,15.7,scattered clouds
51,Georgetown,MY,5.4112,100.3354,83.95,79,20,16.11,few clouds
52,Narsaq,GL,60.9167,-46.05,2.77,93,58,6.93,broken clouds
53,Borba,BR,-4.3878,-59.5939,73.94,98,100,0.22,moderate rain
54,Gisborne,NZ,-38.6533,178.0042,65.07,68,26,12.37,scattered clouds
55,Khatanga,RU,71.9667,102.5,-9.2,98,99,3.62,overcast clouds
56,Sao Miguel Do Araguaia,BR,-13.275,-50.1628,74.57,80,1,1.99,clear sky
57,Labuhan,ID,-6.8844,112.2051,83.12,77,100,7.14,light rain
58,Saint-Georges,GD,12.0564,-61.7485,78.46,79,86,14.32,overcast clouds
59,Bredasdorp,ZA,-34.5322,20.0403,65.64,95,2,4.83,clear sky
60,Constitucion,CL,-35.3333,-72.4167,60.31,61,0,10.89,clear sky
61,Hilo,US,19.7297,-155.09,75.56,78,52,9.28,broken clouds
62,Pisco,PE,-13.7,-76.2167,70.16,86,100,4.14,overcast clouds
63,Araguaina,BR,-7.1911,-48.2072,73.94,91,100,3.33,moderate rain
64,Mayo,US,38.8876,-76.5119,36.25,61,66,13.06,broken clouds
65,Sochi,RU,43.6,39.7303,48.65,90,100,5.23,light rain
66,Sioux Lookout,CA,50.1001,-91.917,17.98,92,75,2.3,broken clouds
67,Busselton,AU,-33.65,115.3333,76.05,62,60,13.96,broken clouds
68,Guaratuba,BR,-25.8828,-48.5747,77.77,93,98,0.4,overcast clouds
69,New Norfolk,AU,-42.7826,147.0587,71.01,76,100,8.84,light rain
70,Fernie,CA,49.5,-115.0687,35.65,99,100,2.13,overcast clouds
71,Cape Town,ZA,-33.9258,18.4232,65.23,86,2,7.05,clear sky
72,Batagay-Alyta,RU,67.8006,130.4114,-6.29,88,100,2.46,overcast clouds
73,Longyearbyen,SJ,78.2186,15.6401,-9.35,91,43,3.65,scattered clouds
74,Hearst,CA,49.6835,-83.6665,13.46,96,100,4.27,overcast clouds
75,Kidal,ML,18.4411,1.4078,74.53,7,37,9.62,scattered clouds
76,Mar Del Plata,AR,-38.0023,-57.5575,56.88,61,0,5.75,clear sky
77,Chase,CA,50.8165,-119.6857,38.53,99,100,2.57,light rain
78,Jumla,NP,29.2747,82.1838,48.18,35,99,1.99,overcast clouds
79,Magadan,RU,59.5667,150.8,7.54,73,100,7.63,overcast clouds
80,Punta Arenas,CL,-53.15,-70.9167,45.64,82,100,17.36,light rain
81,Nanortalik,GL,60.1432,-45.2371,13.17,65,4,11.41,clear sky
82,Kodiak,US,57.79,-152.4072,36.91,75,20,4.61,few clouds
83,Cherskiy,RU,68.75,161.3,2.17,93,100,9.28,light snow
84,Man,CI,7.4125,-7.5538,71.83,92,98,2.57,overcast clouds
85,Tateyama,JP,34.9833,139.8667,57.83,60,18,27.18,few clouds
86,Airai,TL,-8.9266,125.4092,74.82,54,26,4.83,scattered clouds
87,Provideniya,RU,64.3833,-173.3,30.31,86,100,6.71,overcast clouds
88,Morondava,MG,-20.2833,44.2833,77.92,88,100,14.0,moderate rain
89,Trairi,BR,-3.2778,-39.2689,78.69,79,48,8.63,scattered clouds
90,Lorengau,PG,-2.0226,147.2712,77.23,91,100,10.8,overcast clouds
91,Katangli,RU,51.7102,143.2326,10.65,62,68,12.44,broken clouds
92,Zelenoborsk,RU,61.4669,64.0333,26.6,73,98,16.78,overcast clouds
93,Saint-Philippe,RE,-21.3585,55.7679,79.14,79,1,6.31,clear sky
94,Dikson,RU,73.5069,80.5464,-9.29,100,98,4.7,overcast clouds
95,Thompson,CA,55.7435,-97.8558,-12.84,77,0,0.0,clear sky
96,Kiama,AU,-34.6833,150.8667,72.37,92,100,8.99,light rain
97,Kumluca,TR,36.3703,30.2869,53.8,70,94,3.67,overcast clouds
98,Chokurdakh,RU,70.6333,147.9167,-6.54,97,97,5.06,overcast clouds
99,Auki,SB,-8.7676,160.7034,84.45,65,100,3.89,overcast clouds
100,Ilebo,CD,-4.3167,20.5833,70.34,99,100,1.97,light rain
101,Wenling,CN,28.3669,121.36,62.37,79,62,8.52,broken clouds
102,Lebu,CL,-37.6167,-73.65,57.87,74,10,17.47,clear sky
103,Puerto Penasco,MX,31.3167,-113.5333,69.12,36,74,11.77,broken clouds
104,Sakaiminato,JP,35.55,133.2333,46.38,93,75,4.61,moderate rain
105,Awash,ET,8.9833,40.1667,68.58,83,66,1.81,light rain
106,Atuona,PF,-9.8,-139.0333,78.85,76,24,18.86,few clouds
107,Gizo,SB,-8.103,156.8419,82.89,74,59,0.63,light rain
108,Alugan,PH,12.2188,125.4808,82.49,76,96,14.41,overcast clouds
109,Klaksvik,FO,62.2266,-6.589,39.42,71,31,41.7,scattered clouds
110,Nishihara,JP,26.1842,127.7558,75.25,69,40,13.8,scattered clouds
111,Matara,LK,5.9485,80.5353,78.87,81,69,4.36,broken clouds
112,Yellowknife,CA,62.456,-114.3525,-15.5,99,84,6.31,broken clouds
113,Clyde River,CA,70.4692,-68.5914,-5.57,84,100,16.11,light snow
114,Lagoa,PT,39.05,-27.9833,59.86,85,100,14.23,overcast clouds
115,Castro,BR,-24.7911,-50.0119,65.91,91,74,2.51,broken clouds
116,Takoradi,GH,4.8845,-1.7554,78.39,92,47,5.99,scattered clouds
117,Gorontalo,ID,0.5412,123.0595,91.06,54,28,3.2,scattered clouds
118,Kahului,US,20.8947,-156.47,75.27,70,91,4.05,overcast clouds
119,Victoria,HK,22.2855,114.1577,75.94,79,100,5.01,overcast clouds
120,Sept-Iles,CA,50.2001,-66.3821,0.12,46,20,8.05,few clouds
121,Laguna,US,38.421,-121.4238,58.71,68,62,0.58,broken clouds
122,Viedma,AR,-40.8135,-62.9967,58.23,34,47,8.5,scattered clouds
123,Nizhneangarsk,RU,55.7833,109.55,13.42,85,93,3.33,overcast clouds
124,Norman Wells,CA,65.282,-126.8329,-9.51,97,10,4.88,clear sky
125,Namibe,AO,-15.1961,12.1522,72.77,85,100,4.88,overcast clouds
126,Kavieng,PG,-2.5744,150.7967,83.05,74,98,5.3,moderate rain
127,Kolpashevo,RU,58.3131,82.9089,23.72,89,100,15.97,overcast clouds
128,Bataipora,BR,-22.2953,-53.2711,76.35,76,39,2.71,scattered clouds
129,Rio Gallegos,AR,-51.6226,-69.2181,52.38,48,100,21.41,overcast clouds
130,Hovd,MN,48.0056,91.6419,7.21,66,80,1.23,broken clouds
131,Vila Franca Do Campo,PT,37.7167,-25.4333,60.3,89,99,2.68,overcast clouds
132,Nuuk,GL,64.1835,-51.7216,-1.8,98,100,2.39,overcast clouds
133,Muros,ES,42.7762,-9.0603,53.98,86,100,9.35,light rain
134,Kysyl-Syr,RU,63.8986,122.7617,-0.6,95,100,4.07,overcast clouds
135,Hokitika,NZ,-42.7167,170.9667,66.99,74,65,11.18,broken clouds
136,Winnemucca,US,40.973,-117.7357,51.85,37,0,8.05,clear sky
137,Tatawin,TN,32.9297,10.4518,48.51,88,100,16.93,overcast clouds
138,Barrow,US,71.2906,-156.7887,15.49,96,100,6.67,overcast clouds
139,Camacha,PT,33.0833,-16.3333,59.76,82,40,11.5,scattered clouds
140,Evensk,RU,61.95,159.2333,10.63,86,100,5.03,overcast clouds
141,Husavik,IS,66.0449,-17.3389,32.43,99,100,17.36,snow
142,Tomball,US,30.0972,-95.6161,53.56,65,0,0.0,clear sky
143,Kaputa,ZM,-8.4689,29.6619,66.36,88,71,3.13,broken clouds
144,Bargi,IN,22.9833,79.8667,71.17,36,8,6.2,clear sky
145,Laa,SL,8.0797,-10.7732,70.63,99,97,1.43,overcast clouds
146,Mandalgovi,MN,45.7625,106.2708,23.81,27,4,19.73,clear sky
147,Port Blair,IN,11.6667,92.75,82.67,73,99,14.12,overcast clouds
148,North Bend,US,43.4065,-124.2243,60.94,94,100,12.66,overcast clouds
149,Zimovniki,RU,47.1483,42.4633,34.07,81,97,6.15,overcast clouds
150,East London,ZA,-33.0153,27.9116,72.54,87,92,9.13,overcast clouds
151,San Patricio,US,28.017,-97.5169,51.35,54,79,6.44,broken clouds
152,Hwange,ZW,-18.3693,26.5019,67.03,86,67,3.8,broken clouds
153,Cerchezu,RO,43.8167,28.1,31.6,98,100,15.77,light snow
154,Noyabrsk,RU,63.1994,75.4507,23.97,93,100,21.05,light snow
155,Guanhaes,BR,-18.775,-42.9325,59.86,94,0,1.66,clear sky
156,Balta,UA,47.9355,29.6198,29.98,86,100,14.47,overcast clouds
157,Nurlat,RU,54.4277,50.8051,29.57,96,100,5.66,overcast clouds
158,Ayan,RU,56.45,138.1667,6.4,52,100,8.77,overcast clouds
159,Balkanabat,TM,39.5108,54.3671,49.33,59,100,3.76,overcast clouds
160,Phalombe,MW,-15.8064,35.6507,64.69,96,100,1.07,overcast clouds
161,Hasaki,JP,35.7333,140.8333,59.4,46,100,12.03,overcast clouds
162,Lashio,MM,22.9333,97.75,74.75,30,3,1.88,clear sky
163,Moussoro,TD,13.6408,16.4901,69.17,10,14,11.63,few clouds
164,Chara,RU,56.9064,118.2631,6.04,76,99,2.42,overcast clouds
165,Luderitz,NA,-26.6481,15.1594,64.58,80,0,8.43,clear sky
166,Havelock,US,34.8791,-76.9013,45.5,73,32,9.91,scattered clouds
167,Komsomolskiy,UZ,40.4272,71.7189,49.17,61,96,1.19,overcast clouds
168,Curvelo,BR,-18.7564,-44.4308,67.24,70,2,4.27,clear sky
169,Yulara,AU,-25.2406,130.9889,99.7,16,6,10.45,clear sky
170,Tiznit,MA,29.5833,-9.5,60.39,51,0,2.33,clear sky
171,Margate,GB,51.3813,1.3862,46.62,94,100,9.8,light rain
172,Meulaboh,ID,4.1363,96.1285,75.63,91,100,7.56,overcast clouds
173,Morehead,US,37.2711,-87.1764,42.64,74,100,6.49,overcast clouds
174,Portland,US,45.5234,-122.6762,56.7,85,100,11.92,overcast clouds
175,Kuloy,RU,61.0305,42.4925,15.3,97,56,4.68,broken clouds
176,Saint-Joseph,RE,-21.3667,55.6167,75.58,77,5,3.8,clear sky
177,Neepawa,CA,50.2289,-99.4664,6.3,98,100,3.47,overcast clouds
178,Tilichiki,RU,60.4667,166.1,11.14,92,63,6.71,broken clouds
179,Brodnica,PL,53.2597,19.3965,24.19,52,0,0.85,clear sky
180,Tecolutla,MX,20.4833,-97.0167,64.6,79,100,4.38,overcast clouds
181,Khandyga,RU,62.6667,135.6,-5.1,89,96,1.97,overcast clouds
182,Raudeberg,NO,61.9875,5.1352,41.04,78,100,27.58,overcast clouds
183,Fairbanks,US,64.8378,-147.7164,16.03,98,99,1.77,overcast clouds
184,Sitka,US,57.0531,-135.33,39.45,97,100,1.9,light rain
185,Carnarvon,AU,-24.8667,113.6333,80.74,56,20,19.98,few clouds
186,Agadir,MA,30.4202,-9.5982,57.65,62,2,2.82,clear sky
187,Torbay,CA,47.6666,-52.7314,23.63,83,100,19.64,light snow
188,Port Hedland,AU,-20.3167,118.5667,89.08,61,100,4.5,overcast clouds
189,Caravelas,BR,-17.7125,-39.2481,75.6,84,2,4.27,clear sky
190,Ahipara,NZ,-35.1667,173.1667,70.84,57,97,1.52,light rain
191,Coelho Neto,BR,-4.2567,-43.0128,72.66,98,100,1.9,light rain
192,Whitehorse,CA,60.7161,-135.0538,26.89,97,100,2.55,overcast clouds
193,Zyryanovsk,KZ,49.7386,84.2719,-1.55,98,99,1.52,overcast clouds
194,Terekli-Mekteb,RU,44.1671,45.8698,40.42,78,98,9.84,overcast clouds
195,Sao Gabriel Da Cachoeira,BR,-0.1303,-67.0892,71.13,99,91,1.32,overcast clouds
196,Forbes,AU,-33.3833,148.0167,83.14,37,100,5.14,light rain
197,Talnakh,RU,69.4865,88.3972,11.21,95,100,9.71,overcast clouds
198,Lampang,TH,18.3333,99.5,87.24,30,30,1.03,scattered clouds
199,Seoul,KR,37.5683,126.9778,45.63,70,100,6.11,overcast clouds
200,Oyem,GA,1.5995,11.5793,66.99,99,53,2.35,broken clouds
201,Grand Gaube,MU,-20.0064,57.6608,80.51,80,99,8.68,overcast clouds
202,Bilibino,RU,68.0546,166.4372,1.33,94,94,1.01,overcast clouds
203,Itarema,BR,-2.9248,-39.9167,79.48,79,53,12.21,broken clouds
204,Pangnirtung,CA,66.1451,-65.7125,-10.79,82,94,4.27,overcast clouds
205,Yashkino,RU,55.8736,85.4265,17.37,94,100,10.11,overcast clouds
206,Necochea,AR,-38.5473,-58.7368,53.42,53,3,5.93,clear sky
207,Ribeira Grande,PT,38.5167,-28.7,62.19,93,99,14.05,overcast clouds
208,Saurimo,AO,-9.6608,20.3916,65.89,96,100,2.42,moderate rain
209,Nabire,ID,-3.3667,135.4833,85.3,71,72,5.95,broken clouds
210,Yanam,IN,16.7333,82.2167,79.86,48,38,2.82,scattered clouds
211,Aden,YE,12.7794,45.0367,77.05,75,32,15.46,scattered clouds
212,Radishchevo,RU,52.85,47.8833,28.71,94,100,9.86,overcast clouds
213,Hithadhoo,MV,-0.6,73.0833,83.77,70,69,11.43,broken clouds
214,Srednekolymsk,RU,67.45,153.6833,-0.09,91,100,8.99,overcast clouds
215,Ballinrobe,IE,53.6333,-9.2333,36.59,76,5,1.74,clear sky
216,Tomatlan,MX,19.9333,-105.25,68.0,92,6,1.07,clear sky
217,Qaanaaq,GL,77.484,-69.3632,4.51,55,100,8.41,overcast clouds
218,Tamiahua,MX,21.2667,-97.45,61.29,78,72,3.06,broken clouds
219,Port Hardy,CA,50.6996,-127.4199,45.32,94,100,5.79,light rain
220,Severo-Kurilsk,RU,50.6789,156.125,25.99,73,100,25.52,light snow
221,Karratha,AU,-20.7377,116.8463,99.07,36,21,6.49,light rain
222,Barao De Melgaco,BR,-16.1944,-55.9675,74.07,93,74,3.24,broken clouds
223,Asau,RO,46.4333,26.4,27.12,78,100,9.86,overcast clouds
224,Gimli,CA,50.6336,-96.9907,6.82,72,94,4.61,overcast clouds
225,San Cristobal,VE,7.7669,-72.225,66.06,88,96,1.88,overcast clouds
226,Felipe Carrillo Puerto,MX,19.5833,-88.05,69.17,87,10,3.09,clear sky
227,Hvide Sande,DK,56.0045,8.1294,36.0,82,100,21.47,overcast clouds
228,Sinnamary,GF,5.3833,-52.95,76.17,91,100,8.55,overcast clouds
229,Port-Gentil,GA,-0.7193,8.7815,81.34,77,100,6.06,overcast clouds
230,Acapulco,MX,16.8634,-99.8901,77.92,75,10,8.66,clear sky
231,Saint-Louis,SN,16.3333,-15.0,62.31,69,0,9.93,clear sky
232,Sola,VU,-13.8833,167.55,81.27,78,100,0.0,overcast clouds
233,Pakxan,LA,18.3778,103.6601,86.05,38,10,1.81,clear sky
234,Ilulissat,GL,69.2167,-51.1,7.16,57,50,11.1,scattered clouds
235,Bud,US,39.447,-86.1758,38.84,76,40,9.22,scattered clouds
236,Akureyri,IS,65.6835,-18.0878,33.73,86,75,3.44,broken clouds
237,Kudahuvadhoo,MV,2.6708,72.8944,82.89,69,85,13.6,overcast clouds
238,Awbari,LY,26.5921,12.7805,65.23,15,100,10.83,overcast clouds
239,Macapa,BR,0.0389,-51.0664,76.86,90,95,6.46,overcast clouds
240,Katsuura,JP,35.1333,140.3,58.3,54,41,24.79,scattered clouds
241,Tadine,NC,-21.55,167.8833,80.96,89,100,17.83,light rain
242,Tiksi,RU,71.6872,128.8694,-18.0,100,100,2.55,overcast clouds
243,Rakitnoye,RU,50.8389,35.8515,29.55,89,100,8.68,overcast clouds
244,Kirakira,SB,-10.4544,161.9205,80.78,79,100,4.72,overcast clouds
245,Texarkana,US,33.4251,-94.0477,47.34,55,100,3.89,overcast clouds
246,Maradi,NE,13.5,7.1017,69.42,9,1,10.29,clear sky
247,Kaitangata,NZ,-46.2817,169.8464,58.75,79,85,12.5,overcast clouds
248,Arlit,NE,18.7369,7.3853,69.62,13,18,4.38,few clouds
249,Lake City,US,30.1897,-82.6393,51.84,92,100,6.6,overcast clouds
250,Broome,US,42.2506,-75.833,14.4,93,82,2.68,broken clouds
251,Pringsewu,ID,-5.3582,104.9744,84.43,58,88,1.74,overcast clouds
252,Najran,SA,17.4924,44.1277,59.9,49,37,1.9,scattered clouds
253,Nikolskoye,RU,59.7035,30.7861,16.68,94,19,4.5,few clouds
254,Sandila,IN,27.0833,80.5167,60.71,49,3,3.83,clear sky
255,Devonport,AU,-41.1667,146.35,74.08,82,100,17.09,overcast clouds
256,Catamarca,AR,-28.4696,-65.7852,68.04,91,100,3.27,overcast clouds
257,Berlevag,NO,70.8578,29.0864,29.61,85,100,11.72,overcast clouds
258,Belmonte,BR,-15.8631,-38.8828,76.68,78,66,6.11,broken clouds
259,Aklavik,CA,68.2191,-135.0107,-6.77,93,7,12.88,clear sky
260,Petropavlovsk-Kamchatskiy,RU,53.0452,158.6483,23.59,58,75,6.71,broken clouds
261,Mount Isa,AU,-20.7333,139.5,99.77,18,0,4.85,clear sky
262,Marzuq,YE,14.4,46.4667,63.3,74,8,2.06,clear sky
263,Buraydah,SA,26.326,43.975,58.3,37,26,8.46,scattered clouds
264,Grindavik,IS,63.8424,-22.4338,36.14,68,100,34.94,overcast clouds
265,Pierre,US,44.3683,-100.351,43.18,60,100,5.17,overcast clouds
266,Porto Nacional,BR,-10.7081,-48.4172,74.75,84,4,1.21,clear sky
267,Zhigansk,RU,66.7697,123.3711,-12.15,94,96,4.83,overcast clouds
268,Naranjal,EC,-2.6667,-79.6167,74.7,94,97,2.57,overcast clouds
269,Umm Kaddadah,SD,13.6017,26.6876,65.16,13,31,14.65,scattered clouds
270,Kapenguria,KE,1.2511,35.0895,57.43,68,32,5.66,scattered clouds
271,Goderich,CA,43.7501,-81.7165,23.7,78,100,18.75,overcast clouds
272,Bengkulu,ID,-3.8004,102.2655,83.05,66,100,0.74,overcast clouds
273,Ugoofaaru,MV,5.6667,73.0,82.45,71,19,10.31,few clouds
274,Hofn,IS,64.2539,-15.2082,38.44,68,100,32.35,moderate rain
275,Birpur,IN,26.5167,87.0167,70.38,41,0,9.33,clear sky
276,Altamont,US,42.2068,-121.7372,45.54,82,100,5.1,overcast clouds
277,Banda Aceh,ID,5.5577,95.3222,78.57,80,100,2.68,light rain
278,Kruisfontein,ZA,-34.0033,24.7314,64.89,91,85,2.59,overcast clouds
279,Alofi,NU,-19.0595,-169.9187,79.61,77,100,1.41,overcast clouds
280,Victor Harbor,AU,-35.5667,138.6167,70.77,72,74,8.61,broken clouds
281,Pevek,RU,69.7008,170.3133,5.27,95,100,3.13,overcast clouds
282,Soledad,CO,10.9184,-74.7646,82.96,83,40,11.5,scattered clouds
283,Osijek,HR,45.5511,18.6939,33.71,75,40,16.11,scattered clouds
284,Mwinilunga,ZM,-11.7358,24.4293,61.14,97,100,1.83,overcast clouds
285,Coahuayana,MX,18.7333,-103.6833,71.91,87,31,1.1,scattered clouds
286,Togur,RU,58.3631,82.8265,23.77,89,100,15.93,overcast clouds
287,Fairview,US,40.8126,-73.999,32.49,40,0,8.05,clear sky
288,Sheltozero,RU,61.3667,35.3667,30.54,89,100,11.18,overcast clouds
289,San Carlos De Bariloche,AR,-41.1456,-71.3082,46.38,82,100,13.11,overcast clouds
290,Thunder Bay,CA,48.4001,-89.3168,15.39,98,100,3.11,overcast clouds
291,Pasni,PK,25.2631,63.471,70.77,77,0,4.99,clear sky
292,Thinadhoo,MV,0.5333,72.9333,83.64,71,38,11.43,scattered clouds
293,Fare,PF,-16.7,-151.0167,82.09,74,8,15.43,clear sky
294,Kieta,PG,-6.2167,155.6333,83.1,77,70,4.0,light rain
295,Uvat,RU,59.1433,68.8953,25.36,90,100,13.13,overcast clouds
296,Laramie,US,41.3114,-105.5911,42.17,48,0,25.32,clear sky
297,Laurel,US,39.0993,-76.8483,36.28,50,70,7.09,broken clouds
298,Namatanai,PG,-3.6667,152.4333,84.36,70,90,6.17,light rain
299,Khilok,RU,51.3674,110.4676,22.59,80,83,14.12,broken clouds
300,Rawson,AR,-43.3002,-65.1023,62.2,37,71,9.55,broken clouds
301,Dali,CN,25.7,100.1833,56.07,44,3,5.77,clear sky
302,Omboue,GA,-1.5746,9.2618,77.07,89,100,3.24,moderate rain
303,Campbell River,CA,50.0163,-125.2446,43.83,98,100,4.29,overcast clouds
304,Panjab,AF,34.388,67.0233,10.78,100,100,3.4,overcast clouds
305,Cockburn Town,TC,21.4612,-71.1419,77.38,73,7,12.03,clear sky
306,Awjilah,LY,29.1081,21.2869,61.9,29,29,7.99,scattered clouds
307,Sorkjosen,NO,69.8,20.9333,34.18,71,100,11.01,light snow
308,Alexandria,EG,31.2156,29.9553,55.15,60,14,2.75,few clouds
309,Ngaoundere,CM,7.3167,13.5833,68.4,20,100,4.65,overcast clouds
310,Sanary-Sur-Mer,FR,43.1178,5.8001,49.93,81,3,3.0,clear sky
311,Aykhal,RU,66.0,111.5,-3.32,98,98,2.62,overcast clouds
312,Verkhnyaya Inta,RU,65.9811,60.3094,18.09,90,100,24.9,light snow
313,Nisia Floresta,BR,-6.0911,-35.2086,77.2,81,82,6.62,broken clouds
314,Piedecuesta,CO,6.9879,-73.0495,69.71,90,100,2.08,overcast clouds
315,Tucuman,AR,-26.8241,-65.2226,65.3,97,100,3.06,light rain
316,Tansen,NP,27.8673,83.5467,59.13,39,19,1.66,few clouds
317,Ahuimanu,US,21.4447,-157.8378,74.93,66,90,3.06,overcast clouds
318,Chuy,UY,-33.6971,-53.4616,65.91,80,38,15.46,scattered clouds
319,Vila Do Maio,CV,15.1333,-23.2167,69.62,69,2,23.55,clear sky
320,Karachi,PK,24.9056,67.0822,70.93,70,0,6.82,clear sky
321,Alice Springs,AU,-23.7,133.8833,96.35,43,13,3.44,few clouds
322,Lata,PT,40.1629,-8.3327,48.06,82,99,2.64,overcast clouds
323,Paamiut,GL,61.994,-49.6678,11.1,85,100,6.13,overcast clouds
324,Lakatoro,VU,-16.0999,167.4164,77.94,90,100,9.24,overcast clouds
325,Broken Hill,AU,-31.95,141.4333,82.67,42,5,6.91,clear sky
326,Zhuhai,CN,22.2769,113.5678,69.55,77,100,3.8,overcast clouds
327,Ouegoa,NC,-20.35,164.4333,83.1,82,100,15.61,heavy intensity rain
328,Port Lincoln,AU,-34.7333,135.8667,67.82,76,100,11.36,overcast clouds
329,Quatre Cocos,MU,-20.2078,57.7625,78.1,83,98,6.26,overcast clouds
330,Beringovskiy,RU,63.05,179.3167,24.49,95,100,9.13,overcast clouds
331,Gao,ML,16.6362,1.637,73.78,12,30,6.15,scattered clouds
332,Garissa,KE,-0.4536,39.6401,75.27,79,5,7.23,clear sky
333,Altamira,BR,-3.2033,-52.2064,72.63,96,99,2.33,overcast clouds
334,Nizhniy Kuranakh,RU,58.8353,125.4869,7.32,88,100,4.18,overcast clouds
335,Maragogi,BR,-9.0122,-35.2225,78.96,80,100,7.72,overcast clouds
336,Marawi,PH,7.9986,124.2928,80.92,57,100,6.06,overcast clouds
337,Te Anau,NZ,-45.4167,167.7167,66.78,64,8,6.24,clear sky
338,Surin,TH,14.8818,103.4936,90.91,49,18,6.44,few clouds
339,Arman,RU,59.7,150.1667,6.85,74,100,6.22,overcast clouds
340,Mahebourg,MU,-20.4081,57.7,79.48,83,94,7.23,overcast clouds
341,Bethel,US,41.3712,-73.414,22.82,59,44,2.1,scattered clouds
342,Indramayu,ID,-6.3264,108.32,82.45,74,97,6.89,overcast clouds
343,Kuusalu,EE,59.4439,25.4414,28.74,83,6,9.28,clear sky
344,Baruun-Urt,MN,46.6806,113.2792,18.54,64,17,15.99,few clouds
345,Okhotsk,RU,59.3833,143.3,9.61,87,100,3.38,overcast clouds
346,Cayenne,GF,4.9333,-52.3333,76.15,91,100,7.4,moderate rain
347,Fukue,JP,32.6881,128.8419,56.8,91,95,16.46,overcast clouds
348,Talara,PE,-4.5772,-81.2719,74.66,80,85,2.26,overcast clouds
349,Sur,OM,22.5667,59.5289,75.4,63,0,3.0,clear sky
350,Adrar,MR,20.5022,-10.0711,62.69,39,0,9.4,clear sky
351,Chelmza,PL,53.1846,18.6047,28.69,56,0,3.13,clear sky
352,Mirpur Mathelo,PK,28.0227,69.5489,65.17,53,1,9.55,clear sky
353,Bubaque,GW,11.2833,-15.8333,75.58,55,2,21.92,clear sky
354,Yarmouth,US,41.7057,-70.2286,26.8,48,35,9.53,scattered clouds
355,Tuckahoe,US,37.5901,-77.5564,37.47,61,6,7.87,clear sky
356,Santiago Del Estero,AR,-27.7951,-64.2615,67.84,90,99,9.01,overcast clouds
357,Salinopolis,BR,-0.6136,-47.3561,79.05,87,99,9.6,overcast clouds
358,Arraial Do Cabo,BR,-22.9661,-42.0278,76.66,87,3,24.7,clear sky
359,Svetlyy,RU,54.675,20.1347,24.85,65,1,6.46,clear sky
360,Orlik,RU,52.5178,99.825,15.49,72,91,4.54,overcast clouds
361,Mezhdurechensk,RU,53.6942,88.0603,16.27,90,81,2.75,broken clouds
362,Asekeyevo,RU,53.5742,52.7972,14.67,100,96,2.13,overcast clouds
363,Luwuk,ID,-0.9516,122.7875,87.58,63,48,3.85,scattered clouds
364,Wigston,GB,52.5863,-1.1059,43.05,96,100,10.87,overcast clouds
365,Lahij,YE,13.1667,44.5833,69.51,88,82,6.78,broken clouds
366,Luganville,VU,-15.5333,167.1667,78.03,89,100,8.25,overcast clouds
367,Hengyang,CN,26.8881,112.615,55.99,77,100,8.79,overcast clouds
368,Mitsamiouli,KM,-11.3847,43.2844,80.92,82,98,6.73,light rain
369,Mbuguni,TZ,-3.5667,36.95,66.83,92,31,2.35,scattered clouds
370,Pyinmana,MM,19.7333,96.2167,86.14,16,6,4.76,clear sky
371,Kulhudhuffushi,MV,6.6221,73.07,82.09,71,57,9.04,broken clouds
372,Price,US,39.5994,-110.8107,33.84,67,2,5.1,clear sky
373,Mokhsogollokh,RU,61.4681,128.9203,4.32,87,100,4.59,overcast clouds
374,Abnub,EG,27.2696,31.1511,55.51,46,0,6.6,clear sky
375,Unguia,CO,8.0434,-77.0945,74.5,95,100,3.94,overcast clouds
376,Sinnar,SD,13.5691,33.5672,75.27,16,4,8.28,clear sky
377,Puerto Colombia,CO,10.9878,-74.9547,79.32,81,100,21.14,overcast clouds
378,Huoqiu,CN,32.3394,116.2694,54.64,32,99,12.41,overcast clouds
379,Kouqian,CN,43.6391,126.4578,25.16,69,10,8.68,clear sky
380,Comodoro Rivadavia,AR,-45.8667,-67.5,59.45,49,100,27.36,overcast clouds
381,Gornopravdinsk,RU,60.05,69.9,26.69,91,100,13.02,light snow
382,Conde,BR,-7.2597,-34.9075,77.0,78,10,6.6,clear sky
383,Iqaluit,CA,63.7506,-68.5145,-24.68,88,69,9.37,broken clouds
384,Baker City,US,44.7749,-117.8344,36.23,95,100,4.83,overcast clouds
385,Cabo San Lucas,MX,22.8909,-109.9124,67.77,63,99,5.64,overcast clouds
386,Natal,BR,-5.795,-35.2094,79.5,77,99,9.53,overcast clouds
387,Siloam Springs,US,36.1881,-94.5405,46.17,54,100,8.66,overcast clouds
388,Anori,BR,-3.7728,-61.6442,72.99,99,100,0.85,moderate rain
389,Kyrnasivka,UA,48.5955,28.979,30.09,89,100,13.4,overcast clouds
390,Tuatapere,NZ,-46.1333,167.6833,57.81,84,100,7.29,overcast clouds
391,Kaniama,CD,-7.5667,24.1833,64.99,96,100,3.65,overcast clouds
392,Porto Recanati,IT,43.4365,13.6613,43.99,45,53,8.03,broken clouds
393,Mopti,ML,14.6667,-4.0,83.64,45,75,1.48,broken clouds
394,Lompoc,US,34.6391,-120.4579,59.32,56,0,10.25,clear sky
395,Sal Rei,CV,16.1833,-22.9167,68.56,69,1,24.34,clear sky
396,Boma,GH,7.0805,-2.1697,72.16,95,6,2.75,clear sky
397,Alto Longa,BR,-5.2511,-42.2103,75.49,86,100,2.64,light rain
398,Soe,ID,-9.8607,124.284,81.28,58,62,2.89,broken clouds
399,Batemans Bay,AU,-35.7167,150.1833,68.45,91,100,8.75,light rain
400,Rundu,NA,-17.9333,19.7667,66.34,88,99,3.11,overcast clouds
401,Moorhead,US,46.8739,-96.7676,19.74,96,100,5.26,overcast clouds
402,Haverfordwest,GB,51.8017,-4.9691,40.59,95,100,1.01,overcast clouds
403,Saint-Raymond,CA,45.467,-73.6095,5.05,68,40,6.91,scattered clouds
404,Parsabad,IR,39.6482,47.9174,49.59,87,100,1.77,overcast clouds
405,Elizabeth City,US,36.2946,-76.2511,43.02,79,0,6.91,clear sky
406,Jiayuguan,CN,39.8167,98.3,31.73,24,96,1.88,overcast clouds
407,Hobyo,SO,5.3505,48.5268,79.56,59,99,18.03,overcast clouds
408,Bayji,IQ,34.9311,43.487,57.54,51,74,3.69,broken clouds
409,Sao Felix Do Xingu,BR,-6.6447,-51.995,72.12,96,32,1.01,scattered clouds
410,Sorland,NO,67.667,12.6934,40.51,96,100,35.97,light rain
411,Los Llanos De Aridane,ES,28.6585,-17.9182,60.55,77,75,20.71,broken clouds
412,Pathein,MM,16.7833,94.7333,88.48,19,46,8.39,scattered clouds
413,Inuvik,CA,68.3499,-133.7218,-18.83,98,7,4.41,clear sky
414,Cullinan,ZA,-25.6709,28.5236,61.77,74,96,2.75,overcast clouds
415,Manggar,ID,-2.8833,108.2667,83.86,73,100,9.57,overcast clouds
416,Murgab,TM,37.4966,61.9714,50.38,54,99,5.82,overcast clouds
417,Kegums,LV,56.7451,24.7244,28.17,78,0,3.56,clear sky
418,College,US,64.8569,-147.8028,21.15,84,75,0.0,broken clouds
419,Chelno-Vershiny,RU,54.4333,51.1,29.48,97,100,5.41,overcast clouds
420,Bambous Virieux,MU,-20.3428,57.7575,78.22,94,75,2.3,broken clouds
421,Nemuro,JP,43.3236,145.575,32.02,78,100,11.95,overcast clouds
422,Weligama,LK,5.9667,80.4167,78.98,81,67,5.01,broken clouds
423,Akkermanovka,RU,51.2467,58.2391,13.78,94,100,3.06,overcast clouds
424,Monrovia,LR,6.3005,-10.7969,77.94,86,64,4.12,broken clouds
425,Forrest City,US,35.0081,-90.7898,46.26,60,100,7.52,overcast clouds
426,Waipawa,NZ,-41.4122,175.5153,64.92,62,7,7.72,clear sky
427,Chingirlau,KZ,51.095,54.0814,11.53,96,15,5.17,few clouds
428,Gurupa,BR,-1.405,-51.64,73.22,98,100,2.53,light rain
429,Haapiti,PF,-17.5667,-149.8667,81.86,74,81,13.8,light rain
430,Half Moon Bay,US,37.4636,-122.4286,54.41,77,7,8.25,clear sky
431,Kangavar,IR,34.5043,47.9653,29.68,51,5,1.92,clear sky
432,Vila Velha,BR,-20.3297,-40.2925,75.06,84,0,7.63,clear sky
433,Jeremie,HT,18.65,-74.1167,76.06,78,5,1.9,clear sky
434,Kilindoni,TZ,-7.9139,39.6668,80.35,80,100,11.14,overcast clouds
435,Ambulu,ID,-8.345,113.6058,85.91,65,75,2.48,broken clouds
436,Gat,IL,31.61,34.7642,50.56,82,76,1.43,broken clouds
437,Madhupur,IN,24.25,86.65,73.63,32,3,5.77,clear sky
438,Boa Vista,BR,2.8197,-60.6733,79.77,61,57,5.37,broken clouds
439,Baykit,RU,61.67,96.37,0.7,98,92,2.62,overcast clouds
440,Chai Nat,TH,15.1167,100.1,91.67,38,13,3.85,few clouds
441,Yinchuan,CN,38.4681,106.2731,30.34,35,0,2.62,clear sky
442,Mount Gambier,AU,-37.8333,140.7667,73.26,65,100,5.21,light rain
443,New Iberia,US,30.0035,-91.8187,49.12,63,58,7.36,broken clouds
444,Japura,ID,-0.3167,102.35,75.54,96,100,1.39,light rain
445,Waingapu,ID,-9.6567,120.2641,85.6,72,100,16.44,overcast clouds
446,Aksehir,TR,38.3575,31.4164,36.66,94,100,1.97,overcast clouds
447,Atambua,ID,-9.1061,124.8925,81.59,68,71,6.64,broken clouds
448,Sao Raimundo Das Mangabeiras,BR,-7.0219,-45.4811,74.46,87,99,2.44,overcast clouds
449,Oga,IT,46.4631,10.347,21.96,97,88,0.6,overcast clouds
450,Kishtwar,IN,33.3167,75.7667,45.61,69,100,0.2,light rain
451,Bulgan,MN,48.8125,103.5347,21.6,62,96,4.03,overcast clouds
452,Gap,FR,44.6667,6.0,21.56,57,0,3.42,clear sky
453,Nara,JP,34.6851,135.8049,50.97,47,89,2.75,light rain
454,Isangel,VU,-19.55,169.2667,78.85,90,100,28.68,moderate rain
455,Zeya,RU,53.75,127.2667,13.96,49,11,2.46,few clouds
456,Souillac,MU,-20.5167,57.5167,78.49,87,98,6.38,overcast clouds
457,Kaitong,CN,44.8135,123.15,26.02,72,2,11.61,clear sky
458,Ixtapa,MX,20.7,-105.2,65.8,85,1,1.52,clear sky
459,Yomou,GN,7.5603,-9.2653,70.99,96,100,1.79,overcast clouds
460,Basco,PH,20.4487,121.9702,74.89,74,63,17.36,broken clouds
461,Gazojak,TM,41.1875,61.4036,46.44,85,100,7.25,overcast clouds
462,Boshnyakovo,RU,49.6333,142.1667,10.92,71,100,12.41,overcast clouds
463,Erenhot,CN,43.6475,111.9767,23.83,66,1,18.66,clear sky
464,Huescar,ES,37.811,-2.5412,39.85,81,0,0.36,clear sky
465,Shestakovo,RU,56.4915,103.96,18.03,86,100,11.5,overcast clouds
466,Innisfail,AU,-17.5333,146.0333,89.82,59,86,9.17,overcast clouds
467,Roald,NO,62.5833,6.1333,42.12,81,75,13.8,broken clouds
468,Katobu,ID,-4.9408,122.5276,88.97,55,79,5.26,broken clouds
469,Emmett,US,43.8735,-116.4993,41.29,75,98,0.98,overcast clouds
470,Biltine,TD,14.5333,20.9167,70.21,9,4,11.65,clear sky
471,Mangrol,IN,21.1167,70.1167,74.79,41,0,9.95,clear sky
472,Guerrero Negro,MX,27.9769,-114.0611,61.86,65,65,13.62,broken clouds
473,Ende,ID,-8.8432,121.6623,85.77,66,100,3.09,overcast clouds
474,Itoman,JP,26.1247,127.6694,70.81,77,11,13.09,few clouds
475,Tanout,NE,14.9709,8.8879,66.11,13,1,10.11,clear sky
476,Dingle,PH,10.9995,122.6711,84.69,65,46,16.84,scattered clouds
477,Estevan,CA,49.1334,-102.9842,18.9,96,100,2.91,light snow
478,Lekoni,GA,-1.5843,14.2591,71.46,91,100,3.62,light rain
479,Kaduy,RU,59.2,37.15,28.62,89,100,4.59,overcast clouds
480,Palmas Bellas,PA,9.2319,-80.0867,77.4,77,27,11.25,scattered clouds
481,Okakarara,NA,-20.5833,17.4333,68.07,63,68,2.95,broken clouds
482,Cap Malheureux,MU,-19.9842,57.6142,79.47,86,99,8.39,overcast clouds
483,Kungurtug,RU,50.5994,97.5228,11.88,72,100,0.89,overcast clouds
484,Prieta,HN,15.5833,-86.1833,68.07,98,61,1.28,broken clouds
485,Alliston,CA,44.1501,-79.8663,16.48,94,100,9.26,light snow
486,Nhulunbuy,AU,-12.2333,136.7667,93.81,52,20,13.8,few clouds
487,Tokmak,UA,47.2514,35.7058,32.5,81,80,15.28,broken clouds
488,Taltal,CL,-25.4,-70.4833,65.28,83,24,1.3,few clouds
489,Yatou,CN,37.15,122.3833,40.33,44,71,19.33,broken clouds
490,Ust-Ilimsk,RU,58.0006,102.6619,11.3,89,100,10.0,overcast clouds
491,Kununurra,AU,-15.7667,128.7333,89.38,60,100,11.86,overcast clouds
492,Santa Maria,BR,-29.6842,-53.8069,70.34,97,100,3.49,overcast clouds
493,Shelburne,CA,44.0787,-80.2041,20.57,81,100,10.67,overcast clouds
494,Dustlik,UZ,40.5247,68.0358,47.57,66,43,5.7,scattered clouds
495,Chizhou,CN,30.6578,117.4831,56.66,45,89,12.93,overcast clouds
496,Ostrovnoy,RU,68.0531,39.5131,23.47,83,100,8.23,overcast clouds
497,Nakhon Phanom,TH,17.3333,104.4167,80.4,35,5,4.79,clear sky
498,Pacific Grove,US,36.6177,-121.9166,54.57,77,19,3.71,few clouds
499,Asyut,EG,27.181,31.1837,55.58,46,0,7.27,clear sky
500,Vila,PT,42.0304,-8.1588,43.27,79,98,4.25,light rain
501,Nurota,UZ,40.5614,65.6886,43.29,76,46,8.9,scattered clouds
502,Touros,BR,-5.1989,-35.4608,79.63,80,100,12.26,overcast clouds
503,Leander,US,30.5788,-97.8531,47.98,42,66,5.17,broken clouds
504,Lavrentiya,RU,65.5833,-171.0,26.01,97,99,4.21,light snow
505,Bonavista,CA,48.6499,-53.1147,19.02,82,99,24.34,overcast clouds
506,Manali,IN,13.1667,80.2667,79.59,62,19,7.14,few clouds
507,Valparaiso,CL,-33.0393,-71.6273,62.24,63,0,6.91,clear sky
508,La Rioja,ES,42.25,-2.5,41.83,65,68,6.31,broken clouds
509,Manacapuru,BR,-3.2997,-60.6206,73.98,93,100,2.59,overcast clouds
510,Pombas,CV,17.1503,-25.0201,66.43,71,14,19.15,few clouds
511,Khani,GE,41.9563,42.9566,39.74,71,100,7.07,overcast clouds
512,Madimba,TZ,-10.4,40.3333,76.46,92,96,5.48,light rain
513,Marquette,US,46.5333,-87.6335,15.19,98,98,3.56,overcast clouds
514,Iquitos,PE,-3.7481,-73.2472,75.24,100,0,2.3,clear sky
515,Shaoyang,CN,27.2315,111.4525,51.57,74,100,7.96,overcast clouds
516,Dongkan,CN,33.9997,119.8308,49.24,52,47,16.06,scattered clouds
517,Howard Springs,AU,-12.497,131.047,88.03,64,34,11.32,scattered clouds
518,Leningradskiy,RU,69.3833,178.4167,13.05,77,41,8.95,scattered clouds
519,Sibolga,ID,1.7427,98.7792,78.84,86,100,1.03,light rain
520,Sao Lourenco Do Sul,BR,-31.3653,-51.9783,69.53,91,100,6.08,overcast clouds
521,Palmer,US,42.1584,-72.3287,13.46,95,55,1.5,broken clouds
522,Lodja,CD,-3.4833,23.4333,69.53,99,100,2.13,overcast clouds
523,Shingu,JP,33.7333,135.9833,60.39,62,31,13.13,moderate rain
524,Verkh-Usugli,RU,52.7,115.1667,23.97,56,73,10.51,broken clouds
525,Tual,ID,-5.6667,132.75,84.18,74,58,10.98,broken clouds
526,Basoko,CD,1.2391,23.616,74.57,78,100,1.34,overcast clouds
527,Tambilil,PH,5.9622,124.6697,87.03,61,92,4.61,overcast clouds
528,Tapejara,BR,-28.0681,-52.0139,66.79,99,100,4.76,moderate rain
529,Teguise,ES,29.0605,-13.564,59.13,83,29,26.6,scattered clouds
530,Bilma,NE,18.6853,12.9164,69.75,12,0,5.99,clear sky
531,Kyshtovka,RU,56.555,76.6271,23.25,91,98,18.68,overcast clouds
532,Dakar,SN,14.6937,-17.4441,64.53,94,0,18.41,clear sky
533,Maiduguri,NG,11.8464,13.1603,69.57,26,67,8.66,broken clouds
534,Andrews,US,32.3187,-102.5457,53.91,24,100,5.19,overcast clouds
535,Kismayo,SO,-0.3582,42.5454,79.72,71,94,13.04,overcast clouds
536,Oda,JP,35.1833,132.5,45.95,94,100,4.41,moderate rain
537,Verkhoyansk,RU,67.5447,133.385,-8.16,91,99,2.39,overcast clouds
538,Madingou,CG,-4.1536,13.55,72.57,97,100,1.57,light rain
539,La Palma,US,33.8464,-118.0467,68.59,32,0,2.44,clear sky
540,Vanimo,PG,-2.6741,141.3028,80.55,84,92,5.01,heavy intensity rain
541,Kushima,JP,31.4583,131.2333,59.04,96,98,7.52,overcast clouds
542,Nizhneivkino,RU,58.194,49.5214,21.06,95,91,3.96,overcast clouds
543,Saint Simons,US,31.1352,-81.3901,58.62,80,96,13.33,overcast clouds
544,Faya,SA,18.3851,42.4509,57.43,64,9,3.67,clear sky
545,Mamlyutka,KZ,54.9375,68.5394,24.93,95,90,16.78,overcast clouds
546,Gondar,ET,12.6,37.4667,60.62,57,74,4.32,broken clouds
547,Sarankhola,BD,22.3082,89.7897,85.37,37,0,7.49,clear sky
548,Nantucket,US,41.2835,-70.0995,28.62,49,16,11.97,few clouds
549,Khao Wong,TH,16.7001,104.0902,92.68,24,6,2.93,clear sky
550,Vostok,RU,46.4856,135.8833,20.16,77,66,10.85,broken clouds
551,Lethem,GY,3.3803,-59.7968,79.05,66,57,9.44,broken clouds
552,Nardaran,AZ,40.5561,50.0056,48.9,86,100,11.25,overcast clouds
553,Manzanillo,CU,20.3433,-77.1167,75.07,75,47,5.93,scattered clouds
554,Bonfim,BR,3.0833,-59.95,80.85,61,43,6.2,scattered clouds
555,Saint George,US,37.1041,-113.5841,52.0,37,0,5.48,clear sky
556,Riyadh,SA,24.6877,46.7219,58.32,35,1,4.27,clear sky
557,Sterling,US,39.0062,-77.4286,38.93,58,0,5.01,clear sky
558,Bestobe,KZ,52.4994,73.0975,13.77,96,99,11.7,overcast clouds
559,Novomikhaylovskiy,RU,44.2581,38.8578,46.24,87,94,6.24,overcast clouds
560,Semnan,IR,35.5729,53.3971,47.64,52,64,1.99,broken clouds
561,Humpolec,CZ,49.5415,15.3593,24.82,74,0,3.49,clear sky
562,Skjervoy,NO,70.0311,20.9714,38.3,63,100,14.25,light rain
563,Springdale,US,36.1867,-94.1288,51.71,45,0,6.91,clear sky
564,Copalnic Manastur,RO,47.5,23.6833,31.5,65,100,3.58,overcast clouds
565,Chake Chake,TZ,-5.2459,39.7666,76.89,83,100,7.67,overcast clouds
566,Popondetta,PG,-8.7537,148.2534,80.82,86,100,3.8,overcast clouds
567,Jijiga,ET,9.35,42.8,61.97,49,94,4.36,overcast clouds
568,Mungaoli,IN,24.4167,78.1,70.97,25,0,4.12,clear sky
569,Manado,ID,1.487,124.8455,82.08,82,79,5.53,broken clouds
570,Villa Rica,US,33.7321,-84.9191,43.45,64,9,2.84,clear sky
571,Dabhol,IN,17.6,73.1667,83.77,29,1,3.69,clear sky
572,Tulun,RU,54.5611,100.5792,20.37,79,86,11.61,overcast clouds
573,Bathsheba,BB,13.2167,-59.5167,77.76,81,90,17.07,overcast clouds
574,Black River,JM,18.0264,-77.8487,78.8,76,18,1.7,few clouds
575,Inhambane,MZ,-23.865,35.3833,73.96,74,13,5.79,few clouds
576,Konstantinovka,RU,49.6167,127.9833,21.2,77,100,6.04,overcast clouds
577,Senador Jose Porfirio,BR,-2.5908,-51.9542,73.02,96,88,1.79,overcast clouds
578,Aksarka,RU,66.5606,67.7975,20.46,82,100,13.27,overcast clouds
579,Kashi,CN,39.4547,75.9797,41.23,30,100,4.74,overcast clouds
580,Bandarbeyla,SO,9.4942,50.8122,78.22,66,100,14.18,overcast clouds
581,Yagodnoye,RU,62.55,149.6667,-2.81,84,100,3.67,overcast clouds
582,Ogdensburg,US,44.6942,-75.4863,10.02,74,100,0.0,overcast clouds
583,Amga,RU,60.8953,131.9608,3.72,87,100,3.24,overcast clouds
584,Roma,US,43.2128,-75.4557,20.66,70,0,1.99,clear sky
585,Ewa Beach,US,21.3156,-158.0072,78.75,62,40,9.22,scattered clouds
586,Aguimes,ES,27.9054,-15.4461,61.43,63,40,25.32,scattered clouds
587,Biak,ID,-0.9131,122.8766,85.06,64,56,2.75,broken clouds
588,Kedrovyy,RU,56.1667,91.8167,19.87,88,100,7.7,overcast clouds
589,Floro,NO,61.5996,5.0328,42.76,76,100,22.57,overcast clouds
590,Boyuibe,BO,-20.4167,-63.2833,70.57,87,96,1.74,overcast clouds
591,Vredendal,ZA,-31.6683,18.5012,62.44,92,0,2.77,clear sky
592,Marsala,IT,37.7966,12.4352,50.29,66,26,13.98,scattered clouds
593,Zhelyabovka,UA,45.3988,34.7578,37.89,96,100,14.76,overcast clouds
594,Coquimbo,CL,-29.9533,-71.3436,65.43,75,0,4.18,clear sky
595,Baghmara,IN,23.795,86.2085,77.95,30,5,5.41,clear sky
596,Havre-Saint-Pierre,CA,50.2334,-63.5986,3.79,54,0,11.5,clear sky
597,Grand-Santi,GF,4.25,-54.3833,72.59,100,100,1.19,overcast clouds
598,Galle,LK,6.0367,80.217,81.54,74,70,6.51,broken clouds
599,Russell,US,32.3502,-85.1999,46.71,81,0,2.21,clear sky
600,Northam,GB,51.0333,-4.2167,45.34,92,91,8.55,overcast clouds
601,Ponta Delgada,PT,37.7333,-25.6667,61.09,91,100,4.76,overcast clouds
602,Boromo,BF,11.75,-2.9333,83.12,50,86,3.6,light rain
603,Volovo,UA,48.5246,23.5056,26.08,86,100,5.66,overcast clouds
604,Nagorsk,RU,59.3172,50.8078,19.58,96,90,4.59,overcast clouds
605,Ivanino,RU,51.6434,35.5769,27.07,96,97,8.55,overcast clouds
606,Jaru,BR,-10.4389,-62.4664,72.43,98,90,2.68,overcast clouds
607,Roebourne,AU,-20.7833,117.1333,100.04,34,31,9.55,scattered clouds
608,Dunedin,NZ,-45.8742,170.5036,57.33,93,87,15.73,overcast clouds
609,Igrim,RU,63.1906,64.4162,22.44,71,59,18.3,broken clouds
610,Scarborough,GB,54.2797,-0.4044,41.67,89,98,10.42,overcast clouds
611,Lunino,RU,53.5918,45.2271,31.78,97,100,6.2,overcast clouds
612,Mana,GF,5.6592,-53.7767,76.01,89,99,7.36,overcast clouds
613,Penzance,GB,50.1186,-5.5371,47.19,85,100,18.21,overcast clouds
614,Phra Phutthabat,TH,14.7253,100.7954,95.02,36,39,1.39,scattered clouds
615,Corrente,BR,-3.7367,-43.3394,72.59,98,100,1.7,moderate rain
616,Preobrazheniye,RU,42.9019,133.9064,36.05,60,84,6.71,broken clouds
617,Concordia,AR,-31.393,-58.0209,63.86,72,50,9.01,scattered clouds
618,Saldanha,ZA,-33.0117,17.9442,61.75,94,0,8.52,clear sky
619,Byron Bay,AU,-28.65,153.6167,80.06,86,79,14.36,broken clouds
620,Makurdi,NG,7.7411,8.5121,76.8,38,77,4.68,broken clouds
621,Whyalla,AU,-33.0333,137.5833,75.18,61,2,16.73,clear sky
622,Makakilo City,US,21.3469,-158.0858,74.23,65,97,1.83,overcast clouds
623,Haines Junction,CA,60.7522,-137.5108,19.6,98,100,0.83,overcast clouds
624,Penticton,CA,49.4806,-119.5858,40.59,96,100,4.61,mist
625,Bannu,PK,32.9854,70.6027,62.22,49,1,0.89,clear sky
626,Yablonovo,RU,50.8523,37.3574,28.53,97,100,8.63,overcast clouds
627,Perivolion,GR,39.4206,20.0147,46.65,62,8,11.25,clear sky
628,Turbat,PK,26.0023,63.044,70.74,76,18,1.72,few clouds
629,Swan Hill,AU,-35.3378,143.5544,81.0,52,57,7.0,light rain
630,Hecun,CN,36.5333,114.1111,48.18,21,14,1.81,few clouds
631,Panzhihua,CN,26.5851,101.7128,68.34,36,0,1.61,clear sky
632,Kaeo,NZ,-35.1,173.7833,70.99,58,82,8.79,light rain
633,Tagusao,PH,9.1924,117.8141,84.47,65,99,7.4,overcast clouds
634,Baiao,BR,-2.7906,-49.6717,73.27,100,100,2.24,heavy intensity rain
635,Stornoway,GB,58.2093,-6.3865,41.47,68,13,16.6,few clouds
636,Atar,MR,20.5169,-13.0499,62.17,48,0,9.22,clear sky
637,Assomada,CV,15.1,-23.6833,63.43,70,10,17.18,clear sky
638,Oktyabrskiy,RU,54.4815,53.471,27.27,97,98,0.76,overcast clouds
639,Santa Maria Del Oro,MX,25.9333,-105.3667,56.3,33,83,3.87,broken clouds
640,Saquena,PE,-4.6667,-73.5167,71.76,97,42,1.05,scattered clouds
641,Sipacapa,GT,15.2,-91.6667,47.44,95,53,3.09,broken clouds
642,Mao,ES,39.8885,4.2658,50.65,75,3,9.95,clear sky
643,Yarensk,RU,62.1675,49.0916,30.38,87,100,6.38,overcast clouds
644,Pingyin,CN,36.2831,116.4453,47.21,24,50,8.19,scattered clouds
645,Suriapet,IN,17.15,79.6167,80.92,42,15,5.68,few clouds
646,Kapit,MY,2.0167,112.9333,89.37,57,100,1.5,overcast clouds
647,Ritchie,ZA,-29.038,24.6028,65.32,76,52,8.61,broken clouds
648,Elat,IL,29.5581,34.9482,53.44,62,0,9.22,clear sky
649,Alanya,TR,36.5438,31.9998,55.58,74,100,4.43,overcast clouds
650,Iwanai,JP,42.9744,140.5089,33.49,99,100,1.86,snow
651,Usuki,JP,33.1081,131.7878,65.28,58,90,4.09,overcast clouds
652,Skibbereen,IE,51.55,-9.2667,38.52,78,100,8.34,overcast clouds
653,Aloleng,PH,16.1307,119.7824,85.53,57,17,7.34,few clouds
654,Kuminskiy,RU,58.6667,66.5667,25.38,88,87,12.28,overcast clouds
655,Tame,CO,6.461,-71.73,77.63,60,100,2.8,overcast clouds
656,Svolvaer,NO,68.2342,14.5683,38.17,97,100,24.34,light rain
657,Jamalpur,BD,24.9167,89.9333,77.99,28,1,3.42,clear sky
658,Muyezerskiy,RU,63.9333,31.65,22.73,89,100,12.03,overcast clouds
659,Podosinovets,RU,60.2776,47.0659,18.75,97,67,4.68,broken clouds
660,Quang Ngai,VN,15.1167,108.8,80.11,67,74,3.89,broken clouds
661,Puerto Escondido,MX,15.85,-97.0667,77.27,78,1,5.75,clear sky
662,Vanavara,RU,60.34,102.2797,9.14,83,65,9.1,broken clouds
663,Suez,EG,29.9737,32.5263,56.03,59,3,8.48,clear sky
664,Korla,CN,41.7597,86.1469,38.46,25,0,4.9,clear sky
665,Saint-Augustin,CA,51.226,-58.6502,-4.13,80,85,14.81,overcast clouds
666,Luanda,AO,-8.8368,13.2343,78.64,87,80,7.36,broken clouds
667,Fortuna,US,40.5982,-124.1573,60.48,74,0,6.91,clear sky
668,Deputatskiy,RU,69.3,139.9,-10.21,96,99,0.69,overcast clouds
669,Mwene-Ditu,CD,-7.0,23.45,64.83,96,100,3.0,overcast clouds
670,Kokemaki,FI,61.2565,22.3564,32.02,75,66,10.85,broken clouds
671,Vestmannaeyjar,IS,63.4427,-20.2734,37.49,72,100,41.7,overcast clouds
672,Palu,ID,-0.8917,119.8707,89.65,59,69,4.18,broken clouds
673,Ahvaz,IR,31.3203,48.6693,49.95,71,0,2.3,clear sky
674,Buncrana,IE,55.1333,-7.45,36.36,82,9,4.54,clear sky
675,Marsabit,KE,2.3284,37.9899,63.75,72,38,15.61,scattered clouds
676,Maldonado,UY,-34.6667,-54.9167,66.22,65,38,10.31,scattered clouds
677,Brae,GB,60.3964,-1.353,42.71,69,17,26.44,few clouds
678,Portobelo,PA,9.55,-79.65,76.39,80,55,13.38,broken clouds
679,Lichinga,MZ,-13.3128,35.2406,60.39,95,83,2.89,broken clouds
680,Chapais,CA,49.7834,-74.8492,-9.62,100,99,3.4,overcast clouds
681,Rudbar,AF,30.15,62.6,62.76,50,99,3.47,light rain
682,Lewiston,US,44.1003,-70.2148,14.25,53,0,8.05,clear sky
683,Flinders,AU,-34.5833,150.8552,69.04,93,100,17.9,light rain
684,Sulangan,PH,11.1373,123.7228,81.3,74,7,9.22,clear sky
685,Bajil,YE,15.0584,43.2851,75.29,85,76,3.91,broken clouds
686,Launceston,AU,-41.45,147.1667,74.48,60,100,9.48,overcast clouds
687,San-Pedro,CI,4.7485,-6.6363,76.78,94,100,4.97,overcast clouds
688,Ambalavao,MG,-21.8333,46.9333,66.06,95,100,1.54,overcast clouds
689,Wanning,CN,18.8003,110.3967,76.71,74,12,5.77,few clouds
690,Champerico,GT,14.3,-91.9167,79.43,69,39,1.95,scattered clouds
691,Bima,ID,-8.4667,118.7167,85.46,74,100,7.16,overcast clouds
692,Guhagar,IN,17.4842,73.1929,85.62,27,2,3.74,clear sky
693,Yuci,CN,37.6803,112.7319,37.15,25,0,6.71,clear sky
694,Taldan,RU,53.6667,124.8,16.84,54,96,4.34,overcast clouds
695,Dzilam Gonzalez,MX,21.2833,-88.9333,68.92,85,0,4.0,clear sky
696,Ustka,PL,54.5805,16.8619,30.94,57,0,8.34,clear sky
697,Sabang,ID,5.8933,95.3214,80.85,74,100,9.69,overcast clouds
698,Gharo,PK,24.7424,67.5856,76.01,48,0,8.1,clear sky
699,Labuan,MY,5.2767,115.2417,80.44,72,42,2.75,scattered clouds
700,Sorong,ID,-0.8833,131.25,84.49,71,90,9.57,overcast clouds
701,Nago,JP,26.5881,127.9761,71.83,73,12,13.22,few clouds
702,Shelopugino,RU,51.6514,117.5599,22.06,77,84,8.66,broken clouds
703,Mwingi,KE,-0.9344,38.0601,64.69,89,28,2.13,scattered clouds
704,Suluq,LY,31.6682,20.2521,56.84,71,100,6.53,overcast clouds
705,Osa,RU,57.2829,55.4567,9.88,99,51,2.57,broken clouds
706,Celestun,MX,20.8667,-90.4,73.24,76,0,10.78,clear sky
707,Emilio Carranza,MX,19.9711,-96.6114,63.03,86,86,6.15,overcast clouds
708,Santa Cruz,BO,-17.8,-63.1667,76.8,81,38,9.84,scattered clouds
709,Labytnangi,RU,66.6572,66.4183,18.73,70,100,22.01,overcast clouds
